,Duración (s),Daño total,Daño recibido,Oro acumulado,Racha Asesinatos,Daño a Torres,Daño a Dragones/Barones,Asistencias,Barón Kills,Nivel de recompensa,Experiencia,Nivel,Pings - All In,Pings - Assist Me,Pings - Enemy Missing,Kills,Deaths,Double Kills,Triple Kills,Quadra Kills,Penta Kills,Dragon Kills,Inhibitor Kills,Torre Destruida,Nexus Kills,Total Minions,Total Heal,Total CC,Total Time Dead,Vision Score,Wards Puestos,Wards Destruidos,KDA
count,10.0,10.0,10.0,10.0,10.0,10.0,10.0,10.0,10.0,10.0,10.0,10.0,10.0,10.0,10.0,10.0,10.0,10.0,10.0,10.0,10.0,10.0,10.0,10.0,10.0,10.0,10.0,10.0,10.0,10.0,10.0,10.0,10.0
mean,1036.4,20637.7,25718.3,13093.5,3.4,3501.3,15280.9,10.2,0.1,6.7,20676.4,18.8,0.3,0.0,0.7,6.7,6.8,0.4,0.0,0.0,0.0,0.5,0.3,1.0,0.1,67.9,4701.0,260.4,164.9,13.1,7.8,0.2,23.7
std,129.82227167255326,8413.477825621354,7023.10551837449,1723.1729938304704,2.3664319132398464,3531.774248794003,11276.781883833506,4.565571644870382,0.31622776601683794,3.4334951418181574,5526.8536598844175,3.155242550986462,0.6749485577105528,0.0,1.0593499054713802,3.4334951418181574,2.699794230842212,0.6992058987801011,0.0,0.0,0.0,0.5270462766947299,0.4830458915396479,1.4142135623730951,0.31622776601683794,25.004221865739215,3604.8366891657597,194.49204496728282,80.5956298787692,5.40473043833928,3.2591750830880843,0.42163702135578396,5.437523946307425
min,859.0,12623.0,17360.0,10918.0,0.0,0.0,1706.0,6.0,0.0,0.0,14408.0,15.0,0.0,0.0,0.0,0.0,3.0,0.0,0.0,0.0,0.0,0.0,0.0,0.0,0.0,33.0,601.0,100.0,54.0,3.0,1.0,0.0,17.0
25%,943.75,14552.0,19893.75,11871.25,2.25,1252.5,7367.75,7.0,0.0,6.0,16396.25,16.25,0.0,0.0,0.0,6.0,5.25,0.0,0.0,0.0,0.0,0.0,0.0,0.0,0.0,49.75,1884.5,129.0,123.5,11.0,6.0,0.0,19.0
50%,1009.5,19232.0,26077.5,12834.0,3.0,2590.0,11111.5,8.5,0.0,7.5,18478.0,17.5,0.0,0.0,0.0,7.5,6.5,0.0,0.0,0.0,0.0,0.5,0.0,0.5,0.0,69.0,4139.0,184.5,140.0,12.5,8.0,0.0,23.5
75%,1160.75,22745.0,30281.75,14370.25,5.0,4432.75,25985.0,11.5,0.0,8.75,25524.5,21.75,0.0,0.0,1.0,8.75,7.75,0.75,0.0,0.0,0.0,1.0,0.75,1.0,0.0,81.75,7713.0,335.75,195.25,16.75,10.0,0.0,27.0
max,1215.0,40903.0,38189.0,16173.0,7.0,12039.0,31501.0,20.0,1.0,11.0,30384.0,24.0,2.0,0.0,3.0,11.0,12.0,2.0,0.0,0.0,0.0,1.0,1.0,4.0,1.0,117.0,10323.0,731.0,297.0,21.0,12.0,1.0,34.0
