,Duración (s),Daño total,Daño recibido,Oro acumulado,Racha Asesinatos,Daño a Torres,Daño a Dragones/Barones,Asistencias,Barón Kills,Nivel de recompensa,Experiencia,Nivel,Pings - All In,Pings - Assist Me,Pings - Enemy Missing,Kills,Deaths,Double Kills,Triple Kills,Quadra Kills,Penta Kills,Dragon Kills,Inhibitor Kills,Torre Destruida,Nexus Kills,Total Minions,Total Heal,Total CC,Total Time Dead,Vision Score,Wards Puestos,Wards Destruidos,KDA
count,10.0,10.0,10.0,10.0,10.0,10.0,10.0,10.0,10.0,10.0,10.0,10.0,10.0,10.0,10.0,10.0,10.0,10.0,10.0,10.0,10.0,10.0,10.0,10.0,10.0,10.0,10.0,10.0,10.0,10.0,10.0,10.0,10.0
mean,1385.2,21417.8,15832.1,10552.3,3.1,4210.8,8184.2,5.8,0.0,6.4,11005.1,12.8,0.2,7.0,4.7,6.4,3.4,0.5,0.1,0.0,0.0,0.1,0.1,1.4,0.0,172.2,3484.7,113.6,78.4,23.2,9.1,3.7,15.6
std,473.40957132510766,12169.766069147665,7255.458488460793,3891.332306835568,2.726414006223804,2475.514258582334,7137.526225676667,4.491968140779471,0.0,4.695151163109069,4035.4653992927365,3.9384147967311813,0.42163702135578396,7.408703590297622,3.2676869155073254,4.695151163109069,3.025814858109391,0.8498365855987975,0.31622776601683794,0.0,0.0,0.31622776601683794,0.31622776601683794,1.0749676997731399,0.0,86.3156996148441,2480.1875847515153,100.0002222219753,76.90571427981726,21.943361436004082,7.355270219373317,3.5916569992135945,6.2574400161372346
min,156.0,894.0,316.0,783.0,0.0,0.0,0.0,0.0,0.0,0.0,360.0,2.0,0.0,0.0,0.0,0.0,0.0,0.0,0.0,0.0,0.0,0.0,0.0,0.0,0.0,10.0,0.0,1.0,0.0,1.0,1.0,0.0,0.0
25%,1299.75,15897.25,12550.0,10122.5,0.5,2887.0,4061.75,3.0,0.0,3.25,10321.5,13.0,0.0,1.5,3.0,3.25,1.25,0.0,0.0,0.0,0.0,0.0,0.0,0.25,0.0,175.0,2129.5,82.75,32.5,13.5,7.0,1.25,13.75
50%,1499.5,20422.5,16165.5,11059.5,2.5,5238.5,6059.0,5.5,0.0,5.0,12545.5,14.0,0.0,5.0,4.0,5.0,3.0,0.0,0.0,0.0,0.0,0.0,0.0,2.0,0.0,197.0,3091.0,90.0,59.0,19.5,7.5,2.5,18.0
75%,1636.25,28402.25,20119.75,12824.25,5.75,6300.0,9816.75,7.75,0.0,11.0,13282.5,15.0,0.0,9.0,6.75,11.0,3.75,0.75,0.0,0.0,0.0,0.0,0.0,2.0,0.0,229.5,4476.75,93.25,79.5,23.5,8.75,4.75,18.75
max,1850.0,38638.0,27429.0,14592.0,7.0,6557.0,25125.0,15.0,0.0,12.0,13779.0,15.0,1.0,23.0,10.0,12.0,10.0,2.0,1.0,0.0,0.0,1.0,1.0,3.0,0.0,252.0,8681.0,324.0,239.0,82.0,29.0,12.0,22.0
